Message,Date/Time,Thread Name,Notebook Name
"It's becoming crystal clear that I've got to learn how to express my feelings better. Humor and laughter come easily on stage, but at home, everything feels more complex. Jane seems to be getting distant and I know part of it is because she can't tell what's going on with me emotionally.",2023-02-28 18:55:28,Marriage Problems,Relationships
"Realized today that the silence at dinner wasn't just exhaustion from our days. It's this gap that's widening between us, and I'm not bridging it. I've got to stop hiding behind the jokes when Jane is serious. She needs to see the real me, not just the clown persona. Tomorrow, no deflecting—going to try talking about my day honestly, share something real about how I felt when that kid didn't laugh at the show.",2023-03-01 19:07:50,Marriage Problems,Relationships
"Tried talking to Jane about that kid at the show. It was tougher than I thought to drop the act and just be vulnerable. She listened, really listened, and I could see her soften. We talked for hours after that, about everything we've been avoiding. Felt like we finally reconnected a bit. Need to remember this feeling and keep pushing past the comfort zone of comedy.",2023-03-02 16:05:24,Marriage Problems,Relationships
"Felt like I took a step back today. Made a joke when Jane was trying to talk about her concerns with our savings plan. Saw the frustration flash in her eyes. It's like my default setting is to turn everything into a punchline, but this isn't the stage and she's not an audience that needs entertaining—she's my partner. Need to remind myself that every moment of seriousness doesn't have to be deflected.",2023-03-03 20:46:04,Marriage Problems,Relationships
"Had a bit of a breakthrough today. Instead of cycling alone, invited Jane to join. It wasn't about the distance or speed, just shared time with no pressure to talk. But we did talk, naturally, about things other than bills and work. It's like we need those moments just to be us again, not roles or responsibilities. Need to make these rides a regular thing – it's good for us both and it's another way to connect without forcing it.",2023-03-04 12:47:12,Marriage Problems,Relationships
"Fell into old habits at the party last night. It's like I can't help but play the clown when we're around others, and Jane ends up feeling like she's there with my character, not her husband. Saw that look of disappointment again. Need to find a balance between being entertaining and being present for her as a partner. Maybe it's time to talk to someone professional about this – could use some strategies on how to switch off 'performance mode'.",2023-03-05 13:05:05,Marriage Problems,Relationships
"Realized today that I've been compartmentalizing my life too much, separating 'clown' from 'husband' like they're two different people. But they're both me, and Jane married all of me. She should get to laugh with the clown and lean on the husband in one package. Need to stop thinking of these parts of my life as separate and start blending them together more seamlessly.",2023-03-06 11:55:36,Marriage Problems,Relationships
"Feeling a bit defeated today. Tried to have a serious conversation about where we see ourselves in five years, and it spiraled into an argument. I didn't even see it coming. Maybe I pushed too hard or maybe we're just on different pages right now. It's tough when the future seems so uncertain and our visions don't align perfectly. Need to find some common ground again, remind us why we're doing all this together in the first place.",2023-03-07 20:54:39,Marriage Problems,Relationships
"Feeling a bit more hopeful today. Had an honest chat with Jane about needing help to balance my clown side with being a good husband. She was supportive, even suggested a couples therapist she heard about from a friend. It's reassuring that we're both willing to work on this together. Need to remember it's not just me trying to fix 'us', it's us working as a team. Making that appointment first thing in the morning.",2023-03-08 19:35:56,Marriage Problems,Relationships
"Booked that couples therapy session. Feeling a mix of nerves and relief. It's one thing to acknowledge the problem, another to sit down and unpack it with a stranger. But if it helps us understand each other better, it's worth it. Jane seems cautiously optimistic too; we're in this together. Need to keep reminding myself that the effort is part of the journey – not every day will be perfect, but every step forward is progress.",2023-03-09 09:09:09,Marriage Problems,Relationships
"Therapy was intense but good. Dug into some stuff I hadn't even admitted to myself. Jane and I both got emotional, but it felt like a cleansing kind of rain, you know? Learned that I've been using humor as a shield to avoid showing weakness or fear. It's tough to break down those walls, but seeing how it affects Jane makes me want to try harder.",2023-03-10 17:47:43,Marriage Problems,Relationships
"The ride today was quiet, too quiet. It's like we're both afraid to say the wrong thing now, walking on eggshells. Need to find a way to ease back into the comfortable silence we used to have, where it didn't feel heavy with unspoken words. Maybe bring up lighter topics next time, share some funny anecdotes that aren't jokes at someone's expense – just something to get us talking again without the pressure.",2023-03-11 04:30:24,Marriage Problems,Relationships
"Feeling a bit more in tune with Jane after our last therapy session. We're starting to peel back the layers of our communication issues. It's like we've been speaking different languages at home, me with jokes and her with plans and serious talks. Need to keep practicing speaking her language without losing my sense of humor – it's a part of who I am, but it can't be the whole conversation anymore. The balance is tricky but necessary.",2023-03-12 06:42:19,Marriage Problems,Relationships
"Had a moment of clarity on our ride today. Jane laughed at something I said – a genuine laugh, not the polite chuckle she gives when I'm trying too hard. It was spontaneous, just me being me without the makeup and nose. It hit me then – it's not about cutting out the humor; it's about knowing when it's welcomed and when to be serious. Need to keep tuning into her, reading the situation better.",2023-03-13 00:28:48,Marriage Problems,Relationships
"Had another therapy session and the therapist suggested date nights, but not the usual dinner and a movie. Something out of our comfort zones to shake things up. It's a chance to create new memories where I'm not 'on' and we're both just experiencing something together. Need to brainstorm some ideas that could be fun for us both – maybe a cooking class or an art workshop? It's about finding joy in the new, together, without falling into our usual roles.",2023-03-14 21:07:50,Marriage Problems,Relationships
"Feeling a bit anxious about the cooking class tonight. It's been ages since we've tried something new together that didn't involve me being the center of attention. Need to remember it's not about performing; it's about sharing an experience with Jane. Hope we can both let our guards down and just enjoy the process, even if our dish ends up being a disaster. It's supposed to be fun, not perfect.",2023-03-15 01:32:14,Marriage Problems,Relationships
"Cooking class was a hit! We both fumbled, laughed, and ended up making something edible – barely. But the point is we did it together and had fun. It's refreshing to step out of the usual routine and just be two people learning and making mistakes without any pressure. Need to do more stuff like this. It helps us connect on a different level, away from the usual stressors of life.",2023-03-16 10:22:30,Marriage Problems,Relationships
"Feeling a bit uneasy about the silence that's crept in lately. It's not the comfortable kind, more like we're both holding our breath, waiting for the other to make a move. Need to break this tension but not sure how. Maybe it's time to plan another activity or just sit down and talk through what we're both avoiding. Can't let fear of conflict keep us from growing closer – that's no way to build a future together.",2023-03-17 10:19:14,Marriage Problems,Relationships
"Feeling stuck again. We're not arguing, but it's like there's this invisible wall between us. Need to figure out a way to bring down the barriers without causing a blow-up. Maybe I should suggest another session with the therapist or just an evening walk where we can talk openly, without distractions. It's important to keep pushing through these quiet moments – they can be just as damaging as loud fights if left unchecked.",2023-03-18 06:14:47,Marriage Problems,Relationships
"Therapy today brought up some heavy stuff. Realized I've been holding onto some old insecurities from way back, and it's been affecting how I interact with Jane. Need to work on letting those go and building up trust again. It's not just about being vulnerable; it's about believing that we're both in this for the long haul, no matter what comes up.",2023-03-19 14:35:30,Marriage Problems,Relationships
"Feeling a bit more hopeful after our talk last night. Jane opened up about feeling neglected when I'm off in my own world, cycling or reading. It's tough because those are my ways to unwind, but I get it – balance is key. Need to make sure she knows she's a priority, not just with words but with actions too. Going to set aside specific times for us, maybe even join her in some of her interests.",2023-03-20 08:32:17,Marriage Problems,Relationships
"Feeling a mix of emotions after tonight. We had a small argument over something silly – the kind of thing that wouldn't have been a big deal before. But it escalated, and I realized how raw we both still are. Need to remember that healing takes time and patience. It's not just about avoiding the big issues but also navigating these small bumps without letting them throw us off course.",2023-03-21 09:04:30,Marriage Problems,Relationships
"Hit a rough patch again. The small stuff is starting to pile up, turning into bigger issues before we even realize it. Need to be more proactive in addressing things as they come, not letting them fester. Communication's key – gotta keep that channel open and clear, even when it's uncomfortable. Maybe it's time for a check-in, just to see where we're at and if there are any undercurrents we're missing.",2023-03-22 17:10:44,Marriage Problems,Relationships
"Feeling a bit on edge about the tension that's been building up. We're both trying, but it feels like we're walking on eggshells around each other. Need to find a way to ease that pressure before it explodes into something bigger. Maybe it's time for another heart-to-heart, or perhaps something more light-hearted to break the ice? Can't let this become our new normal. Gotta keep working at this every day.",2023-03-23 16:32:35,Marriage Problems,Relationships
"Feeling a bit more grounded after the weekend. We took that hike in the hills, just us and nature, no distractions. It was refreshing to connect without the noise of our daily lives. Need to remember that it's not always about deep conversations or therapy sessions – sometimes it's just about sharing space and time, feeling close without words. Going to suggest we make this a regular thing, maybe explore new trails each time.",2023-03-24 10:11:39,Marriage Problems,Relationships
"Hit a bit of a snag when trying to plan our next outing. Seems like we're interested in different things these days, and it's tough finding common ground. Need to remember that compromise is part of the deal here – maybe find something new that neither of us has tried before? It's important to keep exploring together, even if it means stepping out of our comfort zones.",2023-03-25 10:24:50,Marriage Problems,Relationships
"Feeling frustrated after another round of miscommunication. It's like we're speaking different languages sometimes. Need to find a better way to express myself without getting defensive or shutting down. Maybe I should look into some communication techniques or exercises we can do together? It's clear that love isn't the issue, but we have to get better at understanding each other's perspectives. Patience is wearing thin on both sides – gotta address this before it turns into resentment.",2023-03-26 23:32:01,Marriage Problems,Relationships
"Feeling a bit of relief after our last chat. We both acknowledged that we've been avoiding some tough topics. It's like there's this dance we do around the real issues, but we finally took a step forward. Need to keep that momentum going and not shy away from the hard talks. It's about building that muscle – the more we use it, the stronger it'll get. Going to suggest regular check-ins, no distractions, just us and whatever's on our minds.",2023-03-27 18:59:17,Marriage Problems,Relationships
"Feeling a bit more hopeful today. We managed to have a calm discussion about our schedules and carving out intentional time for each other. It's not just about quantity but quality too. Need to keep reminding myself that we're both busy and it's easy to let things slide, but this relationship is the foundation of everything else. Going to put some date nights on the calendar – something fun, light-hearted, maybe even a little silly.",2023-03-28 20:13:36,Marriage Problems,Relationships
